n,square,topples,ms,c0,c1,c2,c3
8,4,1220,0,4,8,28,24
9,0,2029,0,5,16,36,24
10,4,2576,0,8,8,44,40
11,0,4151,0,9,20,52,40
12,6,5480,0,12,8,60,64
13,0,7455,0,13,20,72,64
14,6,9704,0,16,16,100,64
15,0,13287,0,17,32,112,64
16,8,15144,0,16,32,112,96
17,0,20842,1,17,48,128,96
18,8,23660,0,20,32,144,128
19,0,30966,0,21,52,160,128
20,8,35616,1,52,0,156,192
21,0,43499,1,53,20,176,192
22,10,50600,0,48,16,188,232
23,0,64029,1,49,36,212,232
24,10,70992,1,52,32,204,288
25,0,86943,1,53,56,228,288
26,12,98088,2,48,56,268,304
27,0,115111,1,49,80,296,304
28,12,129108,2,56,72,304,352
29,0,154674,2,57,100,332,352
30,14,167972,2,84,48,368,400
31,0,199780,2,85,76,400,400
32,14,214492,3,80,80,384,480
33,0,247286,3,81,112,416,480
34,16,272216,3,84,88,504,480
35,0,315272,4,85,120,540,480
36,16,341136,4,104,72,520,600
37,0,388222,5,105,104,560,600
38,16,419012,4,156,64,536,688
39,0,477864,6,157,100,576,688
40,18,511044,5,160,56,584,800
41,0,578096,7,161,92,628,800
42,18,615220,8,168,104,604,888
43,0,698279,8,169,144,648,888
44,18,751056,8,216,48,672,1000
45,0,829780,9,217,88,720,1000
46,20,880800,10,224,48,756,1088
47,0,970353,10,225,88,808,1088
48,20,1028408,11,220,128,780,1176
49,0,1150067,12,221,172,832,1176
50,22,1225956,13,252,88,904,1256
51,0,1341762,14,253,132,960,1256
52,22,1434476,16,232,152,1024,1296
53,0,1573656,16,233,200,1080,1296
54,22,1642108,18,320,72,1028,1496
55,0,1826643,19,321,120,1088,1496
56,24,1911720,20,256,208,1152,1520
57,0,2076098,22,257,260,1212,1520
58,24,2206864,23,324,160,1248,1632
59,0,2372270,26,325,212,1312,1632
60,26,2492360,26,316,184,1380,1720
61,0,2721267,28,317,240,1444,1720
62,26,2829484,29,408,152,1348,1936
63,0,3080537,32,409,208,1416,1936
64,28,3205272,32,396,152,1476,2072
65,0,3431561,34,397,208,1548,2072
66,28,3618932,36,412,216,1504,2224
67,0,3921716,39,413,276,1576,2224
68,30,4082816,42,396,248,1748,2232
69,0,4379485,43,397,308,1824,2232
70,30,4555896,45,500,136,1672,2592
71,0,4864436,49,501,196,1752,2592
72,30,5090024,54,508,168,1924,2584
73,0,5475767,53,509,232,2004,2584
74,32,5646828,60,556,176,1912,2832
75,0,6067828,59,557,240,1996,2832
76,32,6322180,60,564,240,2124,2848
77,0,6738207,65,565,308,2208,2848
78,32,6922212,67,660,120,2088,3216
79,0,7408930,76,661,188,2176,3216
80,34,7759384,86,616,240,2360,3184
81,0,8209510,82,617,312,2448,3184
82,34,8547544,85,668,224,2432,3400
83,0,9014042,93,669,296,2524,3400
84,36,9332828,90,712,240,2512,3592
85,0,9946660,94,713,316,2604,3592
86,36,10210928,97,808,208,2436,3944
87,0,10884953,103,809,284,2532,3944
88,38,11212756,106,820,200,2620,4104
89,0,11781225,110,821,276,2720,4104
90,38,12234608,113,836,272,2656,4336
91,0,12885656,118,837,352,2756,4336
92,40,13281012,123,824,288,3008,4344
93,0,14179782,133,825,368,3112,4344
94,40,14552268,137,856,384,2972,4624
95,0,15287659,140,857,468,3076,4624
96,40,15886368,147,988,264,3108,4856
97,0,16726095,158,989,348,3216,4856
98,42,17082860,158,976,264,3316,5048
99,0,18078759,169,977,348,3428,5048
100,42,18585488,168,984,352,3592,5072
101,0,19581370,180,985,440,3704,5072
102,44,20040816,183,992,384,3684,5344
103,0,20936223,193,993,472,3800,5344
104,44,21739804,200,1120,336,3808,5552
105,0,22848194,208,1121,428,3924,5552
106,44,23374216,218,1176,272,3916,5872
107,0,24533655,220,1177,364,4036,5872
108,46,25183068,226,1192,376,4016,6080
109,0,26305846,237,1193,472,4136,6080
110,46,27098068,248,1216,416,4220,6248
111,0,28433547,264,1217,512,4344,6248
112,46,29000580,263,1332,384,4044,6784
113,0,30453103,277,1333,480,4172,6784
114,48,31325868,284,1340,440,4448,6768
115,0,32608662,287,1341,540,4576,6768
116,48,33281780,291,1412,448,4388,7208
117,0,34744407,304,1413,548,4520,7208
118,50,35673760,314,1376,536,4708,7304
119,0,37295901,326,1377,640,4840,7304
120,50,38314940,339,1588,376,4660,7776
121,0,39799323,351,1589,480,4796,7776
122,52,40660944,358,1568,464,4828,8024
123,0,42364653,372,1569,568,4968,8024
124,52,43448764,377,1584,496,4968,8328
125,0,45147790,391,1585,604,5108,8328
126,54,46444692,404,1548,544,5456,8328
127,0,48065124,415,1549,652,5600,8328
128,54,49222748,425,1664,568,5368,8784
129,0,51248396,459,1665,680,5512,8784
130,54,52272180,482,1812,416,5664,9008
131,0,54494290,490,1813,528,5812,9008
132,56,55629088,514,1704,648,5856,9216
133,0,57506624,532,1705,764,6004,9216
134,56,59215428,569,1728,672,6300,9256
135,0,61527013,571,1729,788,6452,9256
136,56,62366720,562,2000,464,5824,10208
137,0,65079702,595,2001,580,5980,10208
138,58,66492368,584,1928,616,6388,10112
139,0,68743869,620,1929,736,6544,10112
140,58,70017968,656,2008,624,6456,10512
141,0,72572328,655,2009,744,6616,10512
142,60,74330260,668,2024,768,6588,10784
143,0,76947965,684,2025,892,6748,10784
144,60,78476376,717,2228,560,6684,11264
145,0,81320285,738,2229,684,6848,11264
146,62,82764824,736,2252,544,6984,11536
147,0,85508504,764,2253,668,7152,11536
148,62,87630164,789,2268,696,7332,11608
149,0,90785077,821,2269,824,7500,11608
150,64,92203392,827,2364,640,7448,12048
151,0,95588522,844,2365,768,7620,12048
152,64,97120356,889,2376,680,7600,12448
153,0,100320806,897,2377,812,7772,12448
154,64,102120044,911,2556,528,7824,12808
155,0,105871354,938,2557,660,8000,12808
156,66,107829796,953,2448,784,8272,12832
157,0,111121246,970,2449,920,8448,12832
158,66,113760144,1016,2580,760,8400,13224
159,0,117181432,1030,2581,896,8580,13224
160,68,118949908,1043,2548,784,8700,13568
161,0,122985561,1103,2549,920,8884,13568
162,68,125185696,1100,2724,904,8480,14136
163,0,129346774,1148,2725,1044,8664,14136
164,68,131905416,1163,2872,704,8768,14552
165,0,135439022,1233,2873,844,8956,14552
166,70,137800776,1224,2924,752,8832,15048
167,0,141994152,1264,2925,896,9020,15048
168,70,144173944,1260,2896,888,9280,15160
169,0,149284514,1315,2897,1032,9472,15160
170,72,151348944,1330,3124,648,9200,15928
171,0,155484872,1338,3125,792,9396,15928
172,72,159021128,1376,3108,800,9756,15920
173,0,163792045,1427,3109,948,9952,15920
174,74,165813388,1440,3144,888,9876,16368
175,0,171114289,1489,3145,1036,10076,16368
176,74,173780224,1541,3236,848,10220,16672
177,0,178414751,1581,3237,1000,10420,16672
178,74,181400836,1574,3392,752,10308,17232
179,0,186569121,1639,3393,904,10512,17232
180,76,189913064,1679,3176,1144,10904,17176
181,0,195353554,1717,3177,1300,11108,17176
182,76,198969496,1720,3532,880,10832,17880
183,0,204394694,1787,3533,1036,11040,17880
184,78,207132652,1811,3416,1056,11288,18096
185,0,212824942,1811,3417,1216,11496,18096
186,78,216644036,1874,3680,1008,11036,18872
187,0,222664195,1929,3681,1168,11248,18872
188,80,226065120,1987,3760,976,11296,19312
189,0,231829596,2045,3761,1136,11512,19312
190,80,235483172,2070,3752,1032,11628,19688
191,0,241616029,2079,3753,1196,11844,19688
192,80,244927108,2102,3740,1112,12228,19784
193,0,251688415,2144,3741,1276,12448,19784
194,82,255973484,2203,3784,1272,12412,20168
195,0,262190517,2286,3785,1440,12632,20168
196,82,267008564,2313,4200,888,12376,20952
197,0,273864702,2357,4201,1056,12600,20952
198,84,276702232,2361,4016,1120,12852,21216
199,0,284216995,2458,4017,1288,13080,21216
200,84,289104836,2481,4232,1112,12792,21864
201,0,295328192,2534,4233,1284,13020,21864
202,86,300879996,2616,4156,1264,13480,21904
203,0,307567748,2632,4157,1436,13712,21904
204,86,311255500,2611,4476,896,13308,22936
205,0,320460285,2665,4477,1068,13544,22936
206,86,324892960,2710,4484,1032,13984,22936
207,0,332990616,2788,4485,1208,14220,22936
208,88,336796192,2780,4496,1192,14112,23464
209,0,344283048,2856,4497,1368,14352,23464
210,88,350665516,2870,4548,1312,14552,23688
211,0,358849568,2944,4549,1492,14792,23688
212,88,363361940,3060,4788,1224,14220,24712
213,0,372687321,3131,4789,1404,14464,24712
214,90,378117904,3162,4596,1632,14992,24576
215,0,386005934,3166,4597,1816,15236,24576
216,90,392194692,3242,4896,1432,14904,25424
217,0,402160948,3303,4897,1616,15152,25424
218,92,406660900,3364,4880,1424,15452,25768
219,0,416207875,3412,4881,1612,15700,25768
220,92,422199640,3508,5204,1264,15452,26480
221,0,430365557,3493,5205,1452,15704,26480
222,94,436320944,3585,5188,1392,15760,26944
223,0,446346840,3706,5189,1580,16016,26944
224,94,452804528,3748,5308,1432,15780,27656
225,0,462368865,3893,5309,1624,16036,27656
226,96,469339496,3792,5252,1544,16576,27704
227,0,479821066,3977,5253,1736,16836,27704
228,96,484886868,3985,5380,1544,16764,28296
229,0,496081913,4175,5381,1740,17024,28296
230,96,502939696,4241,5688,1264,17164,28784
231,0,514553313,4272,5689,1460,17428,28784
232,98,520989724,4332,5720,1368,17128,29608
233,0,531511584,4540,5721,1564,17396,29608
234,98,539366936,4555,5736,1512,17900,29608
235,0,551276053,4550,5737,1712,18168,29608
236,98,555607120,4627,6036,1440,17276,30944
237,0,569169467,4727,6037,1640,17548,30944
238,100,576362840,4826,5852,1752,18328,30712
239,0,588397308,4968,5853,1956,18600,30712
240,100,596622884,4919,6076,1784,18124,31616
241,0,608509905,5084,6077,1988,18400,31616
242,102,614896116,5184,6204,1608,18656,32096
243,0,629562690,5224,6205,1816,18932,32096
244,102,635748064,5355,6276,1632,19028,32600
245,0,648748217,5367,6277,1840,19308,32600
246,102,656172140,5427,6504,1568,18940,33504
247,0,669325945,5513,6505,1776,19224,33504
248,104,677308588,5611,6392,1872,19552,33688
249,0,692183120,5789,6393,2084,19836,33688
250,104,700037308,5788,6492,1880,19992,34136
251,0,715121358,5974,6493,2092,20280,34136
252,106,722813964,6017,6620,1808,20428,34648
253,0,736063107,6080,6621,2024,20716,34648
254,106,746383764,6143,6936,1672,20508,35400
255,0,762051411,6284,6937,1888,20800,35400
256,108,768652112,6341,6828,1720,21148,35840
