k,odd_n,quadrant_bad,seam_interior_bad,seam_edge_bad
129,259,0,112,8
130,261,0,0,0
131,263,0,0,0
132,265,0,0,0
133,267,0,0,0
134,269,0,0,0
135,271,0,0,0
136,273,0,0,0
137,275,0,0,0
138,277,0,96,8
139,279,0,0,0
140,281,0,0,0
141,283,0,100,8
142,285,0,0,0
143,287,0,100,8
144,289,0,0,0
145,291,0,0,0
146,293,0,0,0
147,295,0,0,0
148,297,0,0,0
149,299,0,0,0
150,301,0,92,8
151,303,0,0,0
152,305,0,0,0
153,307,0,0,0
154,309,0,0,0
155,311,0,136,8
156,313,0,0,0
157,315,0,104,8
158,317,0,0,0
159,319,0,24,8
160,321,0,0,0
161,323,0,0,0
162,325,0,96,8
163,327,0,0,0
164,329,0,0,0
165,331,0,0,0
166,333,0,0,0
167,335,0,0,0
168,337,0,0,0
169,339,0,140,8
170,341,0,0,0
171,343,0,68,8
172,345,0,0,0
173,347,0,0,0
174,349,0,0,0
175,351,0,0,0
176,353,0,92,8
177,355,0,0,0
178,357,0,0,0
179,359,0,152,8
180,361,0,0,0
181,363,0,0,0
182,365,0,0,0
183,367,0,0,0
184,369,0,0,0
185,371,0,0,0
186,373,0,0,0
187,375,0,0,0
188,377,0,136,8
189,379,0,0,0
190,381,0,0,0
191,383,0,140,8
192,385,0,0,0
193,387,0,48,8
194,389,0,0,0
195,391,0,0,0
196,393,0,176,8
197,395,0,0,0
198,397,0,0,0
199,399,0,0,0
200,401,0,0,0
201,403,0,0,0
202,405,0,0,0
203,407,0,0,0
204,409,0,0,0
205,411,0,80,8
206,413,0,0,0
207,415,0,0,0
208,417,0,184,8
209,419,0,0,0
210,421,0,32,8
211,423,0,0,0
212,425,0,0,0
213,427,0,0,0
214,429,0,0,0
215,431,0,0,0
216,433,0,0,0
217,435,0,168,8
218,437,0,0,0
219,439,0,0,0
220,441,0,0,0
221,443,0,0,0
222,445,0,196,8
223,447,0,0,0
224,449,0,16,8
225,451,0,0,0
226,453,0,40,8
227,455,0,0,0
228,457,0,0,0
229,459,0,156,8
230,461,0,0,0
231,463,0,0,0
232,465,0,0,0
233,467,0,0,0
234,469,0,0,0
235,471,0,0,0
236,473,0,204,8
237,475,0,0,0
238,477,0,44,8
239,479,0,0,0
240,481,0,0,0
241,483,0,148,8
242,485,0,0,0
243,487,0,24,8
244,489,0,0,0
245,491,0,0,0
246,493,0,216,8
247,495,0,0,0
248,497,0,0,0
249,499,0,0,0
250,501,0,0,0
251,503,0,0,0
252,505,0,0,0
253,507,0,44,8
254,509,0,0,0
255,511,0,68,8
256,513,0,0,0
